x, y, z, force, dist, wrap, vel
0.46,0,0,2.03993e-06,0.07,2,0
0.53,0,0,-2.03993e-06,0.07,2,0
