x, y, z, force, dist, wrap, vel
0.460456,0,0,2.20682e-06,0.0690886,2,4.39793e-05
0.529544,0,0,-2.20682e-06,0.0690886,2,-4.39793e-05
