x, y, z, force, dist, wrap, vel
0.460334,0,0,2.1606e-06,0.0693327,2,3.74303e-05
0.529666,0,0,-2.1606e-06,0.0693327,2,-3.74303e-05
