x, y, z, force, dist, wrap, vel
0.487494,0,0,0.000974994,0.025,12,-0.00151136
0.512495,0,0,-0.000975099,0.0249995,12,0.00151094
